chromecast,MLA833748768,Google Chromecast Ga00439 3.ª Generación Full Hd Carbón,23448,new
chromecast,MLA1394845862,Xiaomi Mi Tv Stick Mdz-24-aa Control De Voz Full Hd 8gb Negro Con 1gb De Memoria Ram,30999,new
chromecast,MLA1346876820,Chromecast Google Ga03131 Google Tv Hd 8gb Blanco,32890,new
chromecast,MLA1400348604,Xiaomi Stick 4k Mdz-27-aa Control De Voz 4k 8gb Negro Con 2gb De Memoria Ram,39599,new
chromecast,MLA1200056325,Google Chromecast With Google Tv De Voz 4k 8gb Sky Con 2gb De Memoria Ram,38139,new
chromecast,MLA1427546840,Tv Box Convertidor Smart 4k Netflix Youtube Android Mini Pc,17998,new
chromecast,MLA770867984,Google Chromecast 2 Gener. Smart Tv Hdmi Ver. Bulk Sin Caja,18999,new
chromecast,MLA1179751529,Google Chromecast 3.ª Generación Full Hd Carbón,24664,new
chromecast,MLA931503249,Xiaomi Mi Box S Mdz-22-ab Control De Voz 4k 8gb Negro Con 2gb De Memoria Ram,49000,new
chromecast,MLA914385330,Google Chromecast With Google Tv De Voz 4k 8gb Snow Con 2gb De Memoria Ram,38390,new
chromecast,MLA1117413521,Tv Stick Anycast M9 Plus Negro Con 128mb De Memoria Ram,11299,new
chromecast,MLA1133995390,Google Chromecast 2.ª Generación Full Hd 256mb Rojo Con 512mb De Memoria Ram,22999,new
chromecast,MLA1134018363,Google Chromecast 2.ª Generación Full Hd 256mb Amarillo Con 512mb De Memoria Ram,24999,new
chromecast,MLA905544555,Xiaomi Mi Tv Stick Full Hd Chromecast Android Netflix Amazon,35999,new
chromecast,MLA1128205818,Xiaomi Tv Stick 4k 2gb Ram 8gb Rom C/control Netflix-android,39846.29,new
chromecast,MLA1164049535,Tv Box Nvidia Shield Tv Pro Versión 2019 Control De Voz 4k 16gb Negro Con 3gb De Memoria Ram,179999,new
chromecast,MLA782706781,Google Chromecast 3 Generacion Nuevo En Caja Hdmi C/ Fuente,23998,new
chromecast,MLA1337977281,Chromecast 4 Google Tv Full Hd 8gb Last Version Con Cargador,37998,new
chromecast,MLA880660416,Anycast M9 Plus Netflix Flow Smart Tv Chromecast Wifi 2.4g ,11299,new
chromecast,MLA904220748, Xiaomi Mi Tv Stick Full Hd 8gb  Negro Memoria Ram De 1gb,32599,new
chromecast,MLA1113470749, Google Chromecast  3 Full Hd Media Streaming Negro Carbón,23499,new
chromecast,MLA885133507,Chromecast Smart Tv Netflix Google Tv 4k Hdr Control Remoto,37499,new
chromecast,MLA1124759816,Google Chromecast Full Hd Carbón,24749,new
chromecast,MLA1121937411,Google Chromecast Google Tv De Voz 4k 8gb Cargador Original,48888,new
chromecast,MLA869143575,Chromecast Google 3rd Generation  Full Hd 1080 Hdmi,25900,new
chromecast,MLA1346257549,Chromecast Google Tv Ga03131 Full Hd 8gb Control Remoto,33299,new
chromecast,MLA1152328318,Google Chromecast With Google Tv De Voz 4k Snow Androidtv,56400,new
chromecast,MLA902659054,Google Chromecast 3 Generacion En Caja Hdmi C/ Fuente,23999,new
chromecast,MLA1378957302,Chromecast Google Tv 4ta Generacion 1080p Con Fuente,41200,new
chromecast,MLA615019452,Google Chromecast 3 Smart Tv Hdmi Usb Nuevo Modelo Local,23999,new
chromecast,MLA1343987671,Chromecast Google Tv Hd Voz 8gb Y 2gb Ram Original Pcreg,33665.07,new
chromecast,MLA904247784,Google Chromecast 3rd Generation Full Hd 1080p Streaming Tv,23990,new
chromecast,MLA1117065310,Google Chromecast 3 Black Wifi Full Hd,21999,new
chromecast,MLA1346257595,Chromecast Con Google Tv Full Hd Ga03131 8gb Control Remoto,33149,new
chromecast,MLA1150769535,Google Chromecast With Google Tv 4k 8gb Snow Con 2gb De Ram,38399,new
chromecast,MLA883704576,Google Chromecast 3 Streaming Player Original Caja C/ Fuente,27599,new
chromecast,MLA849971918,Xiaomi Mi Box S Android Tv Chromecast Incorporado 4k Hdr ,47900,new
chromecast,MLA906348632, Google Chromecast 3rd Generation  Full Hd  Carbón,32474,new
chromecast,MLA1120848222,Xiaomi Mi Tv Stick Full Hd Chromecast Android Netflix Amazon,30999,new
chromecast,MLA930960168, Google Chromecast Con Control De Voz 4k 8gb Snow 2gb De Ram,38399,new
chromecast,MLA1346263508,Chromecast Ga03131 Google Tv Hd Full Hd 8gb Control Remoto,33199,new
chromecast,MLA676220156,Google Chromecast 3 Generacion Original En Caja Hdmi Usb,23900,new
chromecast,MLA914388347,Chromecast Google Tv 4k Control De Voz Hdmi Wifi Dual,47999,new
chromecast,MLA872160420,Google Chromecast 3rd Generation Full Hd Carbón Negro,28999,new
chromecast,MLA923932470, Chromecast Google Tv 4k Voz 8gb Y 2gb Ram Original Pcreg,43999,new
chromecast,MLA1100371030, Google Chromecast 3rd Generation  Full Hd  Carbón,6800,new
chromecast,MLA1143782716,Google Chromecast 4k Android Tv Control De Voz Color Blanco!,57890,new
chromecast,MLA1130305136,Google Tv + Chromecast 4k Control De Voz 8gb Fuente 220v,45887,new
chromecast,MLA1163670287,Convertidor A Tv Smart Chromecast 3 De Google ,31889,new
chromecast,MLA1199796953, Chromecast With Google Tv  De Voz 4k 8gb Sky Blue 2gb Ram,38199,new
google home,MLA1127771299,Google Home Mini Con Asistente Virtual Google Assistant Coral 110v/220v,19999,new
google home,MLA933828528,Google Nest Hub 2nd Gen Con Asistente Virtual Google Assistant, Pantalla Integrada De 7  Charcoal 110v/220v,85000,new
google home,MLA933828506,Google Nest Hub 2nd Gen Con Asistente Virtual Google Assistant, Pantalla Integrada De 7  Chalk 110v/220v,85000,new
google home,MLA1140682110,Google Nest Mini 2nd Gen Con Asistente Virtual Google Assistant Sky 110v/220v,29999,new
google home,MLA1421856216,Google Home Mini Asistente Virtual Parlante Sin Caja Bulk,14998,new
google home,MLA1370791483,Google Home Mini Asistente Virtual Parlante Sin Caja Bulk,22998,new
google home,MLA842217261,Google Home Mini Asistete De Voz Y Parlante Modalidad Bulk,19999,new
google home,MLA842879853,Google Home Mini Asistete De Voz Y Parlante Bulk S/ Caja,19999,new
google home,MLA1130799759,Google Nest Home Hub Asistente Virtual Pantalla 7 Pulgadas,49999,new
google home,MLA763380836,Google Home Mini Asistente Virtual Caja Sellada En Español,19999,new
google home,MLA763381285,Google Home Mini Español Parlante Virtual Con Fuente Spotify,24999,new
google home,MLA930506223,Soporte Montaje Embutido Pared Google Home Hub Mountgenie,4999,new
google home,MLA1110377590,Soporte De Pared Google Mini Home / Nest Mini 2da Generacion,1800,new
google home,MLA1125935779,Google Home Mini + Chromecast 2nd Generation Netflix Spotify,49999,new
google home,MLA912014012,Soporte De Pared Google Mini Home / Nest Mini 2da Generacion,599,new
google home,MLA1110314122,Soporte Pared 45º Google Home Hub Base 138x60mm Nextsale,2300,new
google home,MLA1154487985,Google Home Mini + Chromecast 2nd Generation Netflix Spotify,49999,new
google home,MLA1154268993,Combo Google Home Mini + Chromecast 2 Asistente Virtuales,69999,new
google home,MLA1154269105,Combo Streaming Chromecast 2 & Parlante Google Home Mini  ,49999,new
google home,MLA1151564221,Combo Streaming Chromecast 2 & Parlante Google Home Mini ,69999,new
google home,MLA857710195,Soporte De Pared A 45º Google Home Hub - Base 138x60mm,899,new
google home,MLA857704576,Soporte De Pared Google Home Hub Max - Base 198x84mm,1899,new
google home,MLA858332153,Soporte De Pared Google Nest Hub Max - Base 208x90mm,1899,new
google home,MLA1347901239,Parlante Google Home Mini Asistente Virtual Refabricado,19999,used
google home,MLA1114098501,Asistente Virtual Inteligente Google Home Refabricado,24999,used
google home,MLA1317232838,Google Nest Mini 2 Asistente Virtual Refabricado Home,24999,used
google home,MLA1371248185,Google Nest Home Hub Asistente Virtual Pantalla 7 Pulgadas,35000,used
google home,MLA1114112056,Altavoz Inteligente Google Home Wifi Refabricado,24999,used
google home,MLA1140485736,Parlante Google Home Inteligencia Artificial Refabricado,39999,used
google home,MLA1122513484,Google Home Mini Smart Speaker Youtube Spotify Refabricado,19999,used
google home,MLA1139542784,Google Home Con Asistente Virtual Inteligente Blanco Usado,59999,used
google home,MLA1122557547,Asistente Virtual Google Home Mini Wifi Bt Refabricado,14999,used
google home,MLA1139521336,Parlante Google Home Inteligencia Artificial Original Usado,39999,used
google home,MLA1319262180,Parlante Google Home Mini Asistente Virtual Refabricado,19999,used
google home,MLA1381181642,Parlante Inteligente Google Home Mini Asistente Google Ref,19999,used
google home,MLA1347914046,Google Home Mini Negro Charcoal Refabricado,14999,used
google home,MLA1139531426,Google Home Parlante Original Asistente Virtual Blanco Usado,39999,used
google home,MLA1114116672,Google Home Altavoz Inteligencia Artificial Refabricado,24999,used
google home,MLA1363869461,Google Home Mini Con Asistente Virtual Google Inalambrico,14999,used
google home,MLA1140397964,Parlante Inteligente Google Home Refabricado Blanco,59999,used
google home,MLA1122501505,Parlante Smart Google Home Mini Spotify Youtube Refabricado,14999,used
google home,MLA1347978333,Google Home Mini Parlante Con Virtual Assistant Refabricado,14999,used
google home,MLA1381181570,Google Home Mini Con Asistente Virtual Google Assistant Aqua,14999,used
google home,MLA1122532949,Google Home Mini Wifi Asistente Virtual Refabricado,19999,used
google home,MLA1140411251,Altavoz Inteligente Google Home Parlante Refabricado ,39999,used
google home,MLA1347869258,Google Home Mini Virtual Assistant Charcoal Refabricado,19999,used
google home,MLA1347741248,Parlante Google Home Mini Spotify Youtube Refabricado,14999,used
google home,MLA1122496562,Parlante Inteligente Google Home Mini Refabricado,14999,used
google home,MLA1360789617,Google Home Mini Virtual Assistant Chalk Refabricado,14999,used
google home,MLA1347914142,Parlante Inteligente Google Home Mini Refabricado,19999,used
apple tv,MLA1408968608, Apple Tv Hd A1625 Control De Voz 4.ª Generación 2015 Full Hd 32gb Negro Con 2gb De Memoria Ram,76299.01,new
apple tv,MLA1150782472, Apple Tv 4k A2169 Control De Voz 2.ª Generación 2021 4k 64gb Negro,179999,new
apple tv,MLA918377040,Apple Tv Hd 4th Generation - Full Hd 32gb - Negro,124999,new
apple tv,MLA1106940342,Convertidor Smart Tv Apple Tv 4k 2nd Gen 32gb,94999,new
apple tv,MLA1119044853, Apple Tv 4k A2169 Control De Voz 2.ª Generación 2021 4k 32gb Negro,104999,new
apple tv,MLA1106928063,Apple Tv 4k 64gb 2nd Generation Mxgy2ll/a,249999,new
apple tv,MLA1106927311,Apple Tv 4k 2nd Gen 32gb Netflix Prime Video Disney+,99999,new
apple tv,MLA1113995771,Apple Tv 4k Hdr 32gb 2021  Mxgy2ll/a _ap,111300,new
apple tv,MLA1106959514,Apple Tv 4k 32gb 2nd Generation Mxgy2ll/a ,119999,new
apple tv,MLA1108072232,Apple Tv Hd 32gb,157900,new
apple tv,MLA1103601374,Soporte Para Apple Tv Decodificadores Estante Tagwood,10990,new
apple tv,MLA1143483929,Apple Tv 4k 32gb Negro 1.ª Generación 2017,99323,new
apple tv,MLA1127610252,Apple Tv 4k 64gb Negro 1.ª Generación 2017,92055,new
apple tv,MLA1113197728,Soporte Para Apple Tv 4 5 6 Gen + Soporte Control Remoto,2300,new
apple tv,MLA1119623996,Soporte Para Apple Tv 4 5 6 Generación + Funda Control,12536.06,new
apple tv,MLA1113738408,Apple Tv 4k 64gb 5th Gen Hbo Netflix Prime Video Spotify,119999,new
apple tv,MLA1113710340,Apple Tv 4k 64gb 5th Gen Prime Video Netflix Control X Voz,119999,new
apple tv,MLA1106915169,Convertidor Smart Tv Apple Tv 4k 2nd Gen 64gb,249999,new
apple tv,MLA854996346,Soporte Para Apple Tv Decodificadores Estante Tagwood,7480,new
apple tv,MLA1406655910,Apple Tv 4k Uhd 2.ª Generación 4k 32gb Prime Netflix Hbo,139999,new
apple tv,MLA1106939558,Convertidor A Smart Tv Apple Tv 4k 32gb Mqd22ll/a,189999,new
apple tv,MLA1368327273,Apple Tv 4k Hdr 64gb Control Remoto A1842 Mp7p2ll/a,93898.44,new
apple tv,MLA908889816,Soporte Para Apple Tv Todas Las Generaciones,990,new
apple tv,MLA852852074,Soporte Para Apple Tv 3° Generación,2000,new
apple tv,MLA759439817,Soporte Apple Tv 2da 3era Generación Accesorios 3d Caba,899,new
apple tv,MLA918375018, Apple Tv 4k - 32gb - Negro,154999,new
apple tv,MLA906172157, Apple Tv 4k 64gb Mp7p2ll/a New 4k _ap,127200,new
apple tv,MLA1150232460, Apple Tv 4k A2169 De Voz 2.ª Generación 2021 4k 64gb Negro,179934,new
apple tv,MLA899817514,Soporte Para Apple Tv Decodificadores Tgw,10990,new
apple tv,MLA1128638819,Apple Tv 4k 64gb Negro 1.ª Gen 2017 Orig C/cerrada No Envío ,112500,new
apple tv,MLA756085558,Soporte De Pared Apple Tv 4ta Generación Control Remoto 3d,899,new
apple tv,MLA1106954179,Apple Tv 4k 2nd Generation 64gb Convertidor Smart Tv Netflix,179999,new
apple tv,MLA1185491918, Apple Tv 4k A2169 De Voz 4k 32gb Negro Mxgy2ll/a,89990,new
apple tv,MLA906173046,Apple Tv 4k 32gb Mqd22ll/a New 4k _ap,100170,new
apple tv,MLA1329090826, Apple Tv Hd  32gb Negro Con 2gb De Memoria Ram,84999.99,new
apple tv,MLA1150187048, Apple Tv 4k A2169 De Voz 2.ª Generación 2021 4k 64gb Negro,244681,new
apple tv,MLA1108028580,Apple Tv 4k 32gb,193900,new
apple tv,MLA686008809,Soporte Para Apple Tv 4° Y 5° Generación,2000,new
apple tv,MLA1106966898,Apple Tv 4k 2nd Gen 64gb Netflix Prime Video Disney+,249999,new
apple tv,MLA1113665059,Apple Tv 4k 64gb 5th Generation Sonido Dolby Digital Plus,199999,new
apple tv,MLA1141318811,Convertidor A Smart Tv Apple Tv Resolucion 4k 32gb ,114999,new
apple tv,MLA1243729129,Apple Tv 4k A2169 De Voz 2da Generacion 2021 4k 32gb,214999,new
apple tv,MLA1106915129,Apple Tv 4k 2nd Gen 64gb Hbo Max Prime Video Disney+ Netflix,179999,new
apple tv,MLA1220312994, Apple Tv 4k A2169 2da Generación 2021 4k 64gb Hdr,147300,new
apple tv,MLA692760014,Apple Tv 4k 64gb Wifi Streaming Netflix Youtube _1,10519.17,new
apple tv,MLA719372132,Apple Tv 4k 64gb Wifi Streaming Netflix Youtube _8,9634.36,new
apple tv,MLA690128526,Apple Tv 64gb Netflix Youtube Video Streaming _1,8217.49,new
apple tv,MLA692759898,Apple Tv 4k 32gb Wifi Streaming Netflix Youtube _1,8546.81,new
apple tv,MLA719372724,Apple Tv 32gb Netflix Youtube Video Streaming _8,6739.13,new
apple tv,MLA690128181,Apple Tv 32gb Netflix Youtube Video Streaming _1,6244.38,new
